{
    "device_type": "D435i",
    "imus": [
        {
            "accelerometer": {
                "bias": [
                    0.013349223734797975,
                    -0.14227769112340571,
                    0.20919282015961135
                ],
                "scale_and_alignment": [
                    1.015673568651141,
                    0.011307738532805301,
                    -0.01938173725540015,
                    -0.014742651655305415,
                    1.0211191680460867,
                    -0.004238507715622064,
                    -0.0026055001264856867,
                    0.008701448759101504,
                    1.0156928232774516
                ]
            },
            "gyroscope": {
                "bias": [
                    -0.004600714620959257,
                    -0.0010760634608856982,
                    -0.0011685681395532414
                ],
                "scale_and_alignment": [
                    1.0,
                    0.0,
                    0.0,
                    0.0,
                    1.0,
                    0.0,
                    0.0,
                    0.0,
                    1.0
                ]
            }
        }
    ]
}